[
{"id": "twitter", "name": "Twitter", "character": "a", "color": "#4da7de"},
{"id": "facebook", "name": "Facebook", "character": "b", "color": "#3e5b98"},
{"id": "google", "name": "Google+", "character": "c", "color": "#d93e2d"},
{"id": "pinterest", "name": "Pinterest", "character": "d", "color": "#c92619"},
{"id": "foursquare", "name": "foursquare", "character": "e", "color": "#23b7e0"},
{"id": "yahoo", "name": "Yahoo!", "character": "f", "color": "#6E2A85"},
{"id": "skype", "name": "skype", "character": "g", "color": "#28abe3"},
{"id": "yelp", "name": "yelp", "character": "h", "color": "#c83218"},
{"id": "feedburner", "name": "FeedBurner", "character": "i", "color": "#FFCC00"},
{"id": "linkedin", "name": "Linkedin", "character": "j", "color": "#3371b7"},
{"id": "viadeo", "name": "Viadeo", "character": "k", "color": "#e4a000"},
{"id": "xing", "name": "Xing", "character": "l", "color": "#005a60"},
{"id": "myspace", "name": "Myspace", "character": "m", "color": "#323232"},
{"id": "soundcloud", "name": "soundcloud", "character": "n", "color": "#fe3801"},
{"id": "spotify", "name": "Spotify", "character": "o", "color": "#7bb342"},
{"id": "grooveshark", "name": "grooveshark", "character": "p", "color": "#000000"},
{"id": "lastfm", "name": "last.fm", "character": "q", "color": "#d41316"},
{"id": "youtube", "name": "YouTube", "character": "r", "color": "#e02a20"},
{"id": "vimeo", "name": "vimeo", "character": "s", "color": "#51b5e7"},
{"id": "dailymotion", "name": "Dailymotion", "character": "t", "color": "#004e72"},
{"id": "vine", "name": "Vine", "character": "u", "color": "#00b389"},
{"id": "flickr", "name": "flickr", "character": "v", "color": "#1e1e1b"},
{"id": "500px", "name": "500px", "character": "w", "color": "#58a9de"},
{"id": "instagram", "name": "Instagram", "character": "x", "color": "#9c7c6e"},
{"id": "wordpress", "name": "WordPress", "character": "y", "color": "#464646"},
{"id": "tumblr", "name": "tumblr", "character": "z", "color": "#45556c"},
{"id": "blogger", "name": "Blogger", "character": "A", "color": "#ec661c"},
{"id": "technorati", "name": "Technorati", "character": "B", "color": "#5cb030"},
{"id": "reddit", "name": "reddit", "character": "C", "color": "#e74a1e"},
{"id": "dribbble", "name": "dribbble", "character": "D", "color": "#e84d88"},
{"id": "stumbleupon", "name": "StumbleUpon", "character": "E", "color": "#e64011"},
{"id": "digg", "name": "Digg", "character": "F", "color": "#1d1d1b"},
{"id": "envato", "name": "Envato", "character": "G", "color": "#597c3a"},
{"id": "behance", "name": "Behance", "character": "H", "color": "#000000"},
{"id": "delicious", "name": "Delicious", "character": "I", "color": "#020202"},
{"id": "deviantart", "name": "deviantART", "character": "J", "color": "#c5d200"},
{"id": "forrst", "name": "Forrst", "character": "K", "color": "#5B9A68"},
{"id": "play", "name": "Play Store", "character": "L", "color": "#000000"},
{"id": "zerply", "name": "Zerply", "character": "M", "color": "#9DBC7A"},
{"id": "wikipedia", "name": "Wikipedia", "character": "N", "color": "#000000"},
{"id": "apple", "name": "Apple", "character": "O", "color": "#B9BFC1"},
{"id": "flattr", "name": "Flattr", "character": "P", "color": "#F67C1A"},
{"id": "github", "name": "GitHub", "character": "Q", "color": "#5380c0"},
{"id": "chimein", "name": "Chime.in", "character": "R", "color": "#888688"},
{"id": "friendfeed", "name": "FriendFeed", "character": "S", "color": "#2F72C4"},
{"id": "newsvine", "name": "NewsVine", "character": "T", "color": "#075B2F"},
{"id": "identica", "name": "Identica", "character": "U", "color": "#000000"},
{"id": "bebo", "name": "bebo", "character": "V", "color": "#EF1011"},
{"id": "zynga", "name": "zynga", "character": "W", "color": "#DC0606"},
{"id": "steam", "name": "steam", "character": "X", "color": "#8F8D8A"},
{"id": "xbox", "name": "XBOX", "character": "Y", "color": "#92C83E"},
{"id": "windows", "name": "Windows", "character": "Z", "color": "#00BDF6"},
{"id": "outlook", "name": "Outlook", "character": "1", "color": "#0072C6"},
{"id": "coderwall", "name": "coderwall", "character": "2", "color": "#3E8DCC"},
{"id": "tripadvisor", "name": "tripadvisor", "character": "3", "color": "#000000"},
{"id": "netcodes", "name": "netcodes", "character": "4", "color": "#2E3436"},
{"id": "easid", "name": "easID", "character": "5", "color": "#1ABC9C"},
{"id": "lanyrd", "name": "Lanyrd", "character": "7", "color": "#3c80c9"},
{"id": "slideshare", "name": "SlideShare", "character": "8", "color": "#4ba3a6"},
{"id": "buffer", "name": "Buffer", "character": "9", "color": "#000000"},
{"id": "rss", "name": "RSS", "character": ",", "color": "#f26109"},
{"id": "vkontakte", "name": "VKontakte", "character": ";", "color": "#5a7fa6"},
{"id": "disqus", "name": "DISQUS", "character": ":", "color": "#2e9fff"}
]